target_id,manager_id,target_month,target_revenue,achieved_revenue,created_at
1,1,2024-01-01,157500,139384.12,2026-07-25 00:18:33.431431
2,1,2024-02-01,164484,173739.45,2026-07-25 00:18:33.431456
3,1,2024-03-01,114379,98024.55,2026-07-25 00:18:33.431467
4,1,2024-04-01,241598,230693.65,2026-07-25 00:18:33.431476
5,1,2024-05-01,105933,98905.15,2026-07-25 00:18:33.431485
6,1,2024-06-01,171719,130007.77,2026-07-25 00:18:33.431493
7,1,2024-07-01,269875,249168.38,2026-07-25 00:18:33.431499
8,1,2024-08-01,266187,292316.95,2026-07-25 00:18:33.431506
9,1,2024-09-01,276546,235481.31,2026-07-25 00:18:33.431513
10,1,2024-10-01,149584,166719.16,2026-07-25 00:18:33.431520
11,1,2024-11-01,134334,140778.54,2026-07-25 00:18:33.431526
12,1,2024-12-01,293092,224523.69,2026-07-25 00:18:33.431532
13,1,2025-01-01,160025,156032.29,2026-07-25 00:18:33.431538
14,1,2025-02-01,271135,266251.46,2026-07-25 00:18:33.431544
15,1,2025-03-01,83176,76729.7,2026-07-25 00:18:33.431550
16,1,2025-04-01,233819,248945.36,2026-07-25 00:18:33.431557
17,1,2025-05-01,261771,305731.08,2026-07-25 00:18:33.431563
18,1,2025-06-01,134801,142072.61,2026-07-25 00:18:33.431570
19,1,2025-07-01,286424,275173.32,2026-07-25 00:18:33.431576
20,1,2025-08-01,115091,106842.56,2026-07-25 00:18:33.431583
21,1,2025-09-01,247880,211516.75,2026-07-25 00:18:33.431589
22,1,2025-10-01,135315,113874.73,2026-07-25 00:18:33.431595
23,1,2025-11-01,120277,133954.94,2026-07-25 00:18:33.431603
24,1,2025-12-01,153558,132498.1,2026-07-25 00:18:33.431610
25,1,2026-01-01,100505,115415.3,2026-07-25 00:18:33.431618
26,1,2026-02-01,127768,115186.76,2026-07-25 00:18:33.431628
27,1,2026-03-01,209511,237754.07,2026-07-25 00:18:33.431635
28,1,2026-04-01,274354,302282.21,2026-07-25 00:18:33.431641
29,1,2026-05-01,191425,205666.72,2026-07-25 00:18:33.431647
30,1,2026-06-01,290665,309673.11,2026-07-25 00:18:33.431653
31,1,2026-07-01,263100,304947.57,2026-07-25 00:18:33.431660
32,1,2026-08-01,225462,191407.45,2026-07-25 00:18:33.431667
33,1,2026-09-01,148213,116323.12,2026-07-25 00:18:33.431673
34,1,2026-10-01,231024,179348.87,2026-07-25 00:18:33.431681
35,1,2026-11-01,221727,248186.85,2026-07-25 00:18:33.431687
36,1,2026-12-01,274039,220558.74,2026-07-25 00:18:33.431693
37,2,2024-01-01,81319,79099.89,2026-07-25 00:18:33.431811
38,2,2024-02-01,227791,236850.01,2026-07-25 00:18:33.431819
39,2,2024-03-01,230844,236675.8,2026-07-25 00:18:33.431826
40,2,2024-04-01,156277,187403.31,2026-07-25 00:18:33.431833
41,2,2024-05-01,280498,325108.1,2026-07-25 00:18:33.431840
42,2,2024-06-01,180254,154349.74,2026-07-25 00:18:33.431848
43,2,2024-07-01,177783,190788.21,2026-07-25 00:18:33.431854
44,2,2024-08-01,140778,168432.5,2026-07-25 00:18:33.431860
45,2,2024-09-01,295469,256773.9,2026-07-25 00:18:33.431867
46,2,2024-10-01,136776,146146.72,2026-07-25 00:18:33.431873
47,2,2024-11-01,255602,263496.04,2026-07-25 00:18:33.431879
48,2,2024-12-01,293967,333044.47,2026-07-25 00:18:33.431886
49,2,2025-01-01,246072,186791.76,2026-07-25 00:18:33.431892
50,2,2025-02-01,165294,133708.0,2026-07-25 00:18:33.431898
51,2,2025-03-01,145640,161608.12,2026-07-25 00:18:33.431904
52,2,2025-04-01,225540,181888.47,2026-07-25 00:18:33.431910
53,2,2025-05-01,112484,98521.86,2026-07-25 00:18:33.431916
54,2,2025-06-01,264043,250836.65,2026-07-25 00:18:33.431922
55,2,2025-07-01,248871,271100.72,2026-07-25 00:18:33.431928
56,2,2025-08-01,143451,140598.59,2026-07-25 00:18:33.431934
57,2,2025-09-01,96951,81004.83,2026-07-25 00:18:33.431941
58,2,2025-10-01,160803,130877.83,2026-07-25 00:18:33.431947
59,2,2025-11-01,140006,164199.86,2026-07-25 00:18:33.431953
60,2,2025-12-01,245160,288231.76,2026-07-25 00:18:33.431960
61,2,2026-01-01,264025,257387.23,2026-07-25 00:18:33.431966
62,2,2026-02-01,106395,84101.05,2026-07-25 00:18:33.431972
63,2,2026-03-01,168350,160875.33,2026-07-25 00:18:33.432020
64,2,2026-04-01,166918,156377.53,2026-07-25 00:18:33.432032
65,2,2026-05-01,142164,135133.39,2026-07-25 00:18:33.432038
66,2,2026-06-01,248794,248359.9,2026-07-25 00:18:33.432046
67,2,2026-07-01,238522,180731.93,2026-07-25 00:18:33.432051
68,2,2026-08-01,280894,336624.96,2026-07-25 00:18:33.432058
69,2,2026-09-01,192960,158043.93,2026-07-25 00:18:33.432064
70,2,2026-10-01,227726,176022.85,2026-07-25 00:18:33.432071
71,2,2026-11-01,131403,124965.72,2026-07-25 00:18:33.432076
72,2,2026-12-01,157012,143221.17,2026-07-25 00:18:33.432107
73,3,2024-01-01,189184,224937.22,2026-07-25 00:18:33.432226
74,3,2024-02-01,251424,254995.74,2026-07-25 00:18:33.432236
75,3,2024-03-01,137505,132531.01,2026-07-25 00:18:33.432243
76,3,2024-04-01,237191,222002.97,2026-07-25 00:18:33.432250
77,3,2024-05-01,116503,93105.71,2026-07-25 00:18:33.432256
78,3,2024-06-01,109618,120818.75,2026-07-25 00:18:33.432268
79,3,2024-07-01,260582,268539.47,2026-07-25 00:18:33.432275
80,3,2024-08-01,247855,224132.72,2026-07-25 00:18:33.432281
81,3,2024-09-01,280011,268593.26,2026-07-25 00:18:33.432287
82,3,2024-10-01,148300,119310.02,2026-07-25 00:18:33.432293
83,3,2024-11-01,140315,132177.84,2026-07-25 00:18:33.432299
84,3,2024-12-01,246034,226928.69,2026-07-25 00:18:33.432305
85,3,2025-01-01,221567,210997.33,2026-07-25 00:18:33.432371
86,3,2025-02-01,140264,164283.0,2026-07-25 00:18:33.432410
87,3,2025-03-01,290853,291398.88,2026-07-25 00:18:33.432421
88,3,2025-04-01,273755,289092.25,2026-07-25 00:18:33.432428
89,3,2025-05-01,203460,176011.65,2026-07-25 00:18:33.432433
90,3,2025-06-01,88703,101979.17,2026-07-25 00:18:33.432439
91,3,2025-07-01,92160,98192.8,2026-07-25 00:18:33.432445
92,3,2025-08-01,291965,245303.15,2026-07-25 00:18:33.432452
93,3,2025-09-01,162139,176426.33,2026-07-25 00:18:33.432458
94,3,2025-10-01,173163,145437.76,2026-07-25 00:18:33.432467
95,3,2025-11-01,292277,301209.06,2026-07-25 00:18:33.432475
96,3,2025-12-01,280319,234855.92,2026-07-25 00:18:33.432481
97,3,2026-01-01,229711,264912.87,2026-07-25 00:18:33.432487
98,3,2026-02-01,218153,188318.88,2026-07-25 00:18:33.432493
99,3,2026-03-01,286796,263768.18,2026-07-25 00:18:33.432498
100,3,2026-04-01,255500,274034.54,2026-07-25 00:18:33.432504
101,3,2026-05-01,292928,283422.01,2026-07-25 00:18:33.432512
102,3,2026-06-01,286833,223194.69,2026-07-25 00:18:33.432518
103,3,2026-07-01,143948,120527.85,2026-07-25 00:18:33.432525
104,3,2026-08-01,244527,277167.06,2026-07-25 00:18:33.432531
105,3,2026-09-01,111279,99569.99,2026-07-25 00:18:33.432537
106,3,2026-10-01,287326,341388.72,2026-07-25 00:18:33.432543
107,3,2026-11-01,189786,178823.64,2026-07-25 00:18:33.432549
108,3,2026-12-01,268834,305216.94,2026-07-25 00:18:33.432555
109,4,2024-01-01,171306,172013.23,2026-07-25 00:18:33.432665
110,4,2024-02-01,187141,201033.59,2026-07-25 00:18:33.432676
111,4,2024-03-01,181395,147656.08,2026-07-25 00:18:33.432681
112,4,2024-04-01,97050,85673.69,2026-07-25 00:18:33.432687
113,4,2024-05-01,144012,167900.06,2026-07-25 00:18:33.432694
114,4,2024-06-01,208069,188352.11,2026-07-25 00:18:33.432701
115,4,2024-07-01,141102,147815.48,2026-07-25 00:18:33.432856
116,4,2024-08-01,166655,196796.53,2026-07-25 00:18:33.432876
117,4,2024-09-01,179718,142855.34,2026-07-25 00:18:33.432934
118,4,2024-10-01,203862,238835.13,2026-07-25 00:18:33.432949
119,4,2024-11-01,104297,91617.83,2026-07-25 00:18:33.432955
120,4,2024-12-01,269538,220981.84,2026-07-25 00:18:33.432962
121,4,2025-01-01,258504,288940.78,2026-07-25 00:18:33.432969
122,4,2025-02-01,134952,123106.47,2026-07-25 00:18:33.432975
123,4,2025-03-01,147034,157441.32,2026-07-25 00:18:33.432982
124,4,2025-04-01,266655,262215.98,2026-07-25 00:18:33.432987
125,4,2025-05-01,224751,190357.91,2026-07-25 00:18:33.432992
126,4,2025-06-01,190793,187845.87,2026-07-25 00:18:33.432998
127,4,2025-07-01,236343,205551.9,2026-07-25 00:18:33.433004
128,4,2025-08-01,181790,210535.29,2026-07-25 00:18:33.433010
129,4,2025-09-01,283817,264180.58,2026-07-25 00:18:33.433016
130,4,2025-10-01,110511,111710.76,2026-07-25 00:18:33.433027
131,4,2025-11-01,85135,76206.54,2026-07-25 00:18:33.433033
132,4,2025-12-01,260000,212240.83,2026-07-25 00:18:33.433038
133,4,2026-01-01,94875,72843.02,2026-07-25 00:18:33.433044
134,4,2026-02-01,261409,278359.57,2026-07-25 00:18:33.433053
135,4,2026-03-01,115495,127760.87,2026-07-25 00:18:33.433060
136,4,2026-04-01,148468,149971.15,2026-07-25 00:18:33.433065
137,4,2026-05-01,173650,166436.91,2026-07-25 00:18:33.433071
138,4,2026-06-01,248675,257896.13,2026-07-25 00:18:33.433077
139,4,2026-07-01,162530,175649.85,2026-07-25 00:18:33.433094
140,4,2026-08-01,95239,83669.62,2026-07-25 00:18:33.433106
141,4,2026-09-01,171350,164534.82,2026-07-25 00:18:33.433112
142,4,2026-10-01,159653,132281.8,2026-07-25 00:18:33.433118
143,4,2026-11-01,137655,123766.59,2026-07-25 00:18:33.433126
144,4,2026-12-01,122980,116389.86,2026-07-25 00:18:33.433132
145,5,2024-01-01,280570,230604.07,2026-07-25 00:18:33.433278
146,5,2024-02-01,244003,205382.31,2026-07-25 00:18:33.433286
147,5,2024-03-01,275300,322303.99,2026-07-25 00:18:33.433294
148,5,2024-04-01,148568,157389.44,2026-07-25 00:18:33.433302
149,5,2024-05-01,209880,210511.5,2026-07-25 00:18:33.433309
150,5,2024-06-01,221033,263551.05,2026-07-25 00:18:33.433319
151,5,2024-07-01,264237,238485.62,2026-07-25 00:18:33.433326
152,5,2024-08-01,232577,267480.03,2026-07-25 00:18:33.433333
153,5,2024-09-01,254315,239208.89,2026-07-25 00:18:33.433341
154,5,2024-10-01,247588,247261.73,2026-07-25 00:18:33.433347
155,5,2024-11-01,168988,159628.1,2026-07-25 00:18:33.433353
156,5,2024-12-01,83484,84601.33,2026-07-25 00:18:33.433360
157,5,2025-01-01,120337,139963.11,2026-07-25 00:18:33.433366
158,5,2025-02-01,212754,225139.47,2026-07-25 00:18:33.433374
159,5,2025-03-01,98901,93721.4,2026-07-25 00:18:33.433380
160,5,2025-04-01,289396,334262.55,2026-07-25 00:18:33.433386
161,5,2025-05-01,212715,195583.43,2026-07-25 00:18:33.433392
162,5,2025-06-01,270163,318994.0,2026-07-25 00:18:33.433399
163,5,2025-07-01,118960,139035.04,2026-07-25 00:18:33.433404
164,5,2025-08-01,112449,103479.37,2026-07-25 00:18:33.433410
165,5,2025-09-01,241527,210724.75,2026-07-25 00:18:33.433416
166,5,2025-10-01,197505,185252.8,2026-07-25 00:18:33.433422
167,5,2025-11-01,83010,86866.83,2026-07-25 00:18:33.433428
168,5,2025-12-01,159385,149634.89,2026-07-25 00:18:33.433434
169,5,2026-01-01,201524,160352.29,2026-07-25 00:18:33.433441
170,5,2026-02-01,196437,191991.38,2026-07-25 00:18:33.433449
171,5,2026-03-01,82796,65814.24,2026-07-25 00:18:33.433455
172,5,2026-04-01,103861,104543.03,2026-07-25 00:18:33.433461
173,5,2026-05-01,117155,126112.48,2026-07-25 00:18:33.433466
174,5,2026-06-01,160448,181599.33,2026-07-25 00:18:33.433474
175,5,2026-07-01,213411,165433.28,2026-07-25 00:18:33.433480
176,5,2026-08-01,139047,155945.54,2026-07-25 00:18:33.433486
177,5,2026-09-01,230580,249167.03,2026-07-25 00:18:33.433492
178,5,2026-10-01,84618,72485.34,2026-07-25 00:18:33.433498
179,5,2026-11-01,232866,265002.68,2026-07-25 00:18:33.433503
180,5,2026-12-01,101049,116964.17,2026-07-25 00:18:33.433510
181,6,2024-01-01,253797,288012.43,2026-07-25 00:18:33.433593
182,6,2024-02-01,250902,283335.62,2026-07-25 00:18:33.433600
183,6,2024-03-01,194887,184632.65,2026-07-25 00:18:33.433606
184,6,2024-04-01,256453,254157.6,2026-07-25 00:18:33.433612
185,6,2024-05-01,246225,189045.79,2026-07-25 00:18:33.433617
186,6,2024-06-01,276137,315794.38,2026-07-25 00:18:33.433623
187,6,2024-07-01,261054,303346.72,2026-07-25 00:18:33.433629
188,6,2024-08-01,224547,263937.98,2026-07-25 00:18:33.433636
189,6,2024-09-01,122370,105424.67,2026-07-25 00:18:33.433641
190,6,2024-10-01,252182,202122.17,2026-07-25 00:18:33.433647
191,6,2024-11-01,129199,139257.21,2026-07-25 00:18:33.433653
192,6,2024-12-01,289830,270327.83,2026-07-25 00:18:33.433659
193,6,2025-01-01,94191,106065.01,2026-07-25 00:18:33.433665
194,6,2025-02-01,249268,297137.6,2026-07-25 00:18:33.433671
195,6,2025-03-01,244799,287720.78,2026-07-25 00:18:33.433677
196,6,2025-04-01,274221,209382.27,2026-07-25 00:18:33.433683
197,6,2025-05-01,148656,136437.37,2026-07-25 00:18:33.433689
198,6,2025-06-01,246932,231909.51,2026-07-25 00:18:33.433695
199,6,2025-07-01,172045,187822.26,2026-07-25 00:18:33.433701
200,6,2025-08-01,264534,271599.28,2026-07-25 00:18:33.433736
201,6,2025-09-01,82768,93951.33,2026-07-25 00:18:33.433746
202,6,2025-10-01,134385,103889.74,2026-07-25 00:18:33.433755
203,6,2025-11-01,195046,171052.02,2026-07-25 00:18:33.433761
204,6,2025-12-01,255329,304032.97,2026-07-25 00:18:33.433767
205,6,2026-01-01,297484,339399.59,2026-07-25 00:18:33.433773
206,6,2026-02-01,268693,207953.82,2026-07-25 00:18:33.433779
207,6,2026-03-01,179261,206090.42,2026-07-25 00:18:33.433785
208,6,2026-04-01,294960,249107.11,2026-07-25 00:18:33.433791
209,6,2026-05-01,116139,93626.3,2026-07-25 00:18:33.433797
210,6,2026-06-01,151926,139510.37,2026-07-25 00:18:33.433803
211,6,2026-07-01,249257,234761.38,2026-07-25 00:18:33.433809
212,6,2026-08-01,209352,243321.48,2026-07-25 00:18:33.433815
213,6,2026-09-01,264065,261073.53,2026-07-25 00:18:33.433821
214,6,2026-10-01,247194,186146.56,2026-07-25 00:18:33.433827
215,6,2026-11-01,281139,263713.0,2026-07-25 00:18:33.433834
216,6,2026-12-01,123072,104699.11,2026-07-25 00:18:33.433840
217,7,2024-01-01,169266,150936.83,2026-07-25 00:18:33.433916
218,7,2024-02-01,137288,133074.31,2026-07-25 00:18:33.433923
219,7,2024-03-01,150600,172286.01,2026-07-25 00:18:33.433929
220,7,2024-04-01,283417,230660.88,2026-07-25 00:18:33.433935
221,7,2024-05-01,243193,189320.29,2026-07-25 00:18:33.433941
222,7,2024-06-01,162003,137636.39,2026-07-25 00:18:33.433948
223,7,2024-07-01,173597,136691.69,2026-07-25 00:18:33.433954
224,7,2024-08-01,161421,193454.51,2026-07-25 00:18:33.433960
225,7,2024-09-01,236387,257851.48,2026-07-25 00:18:33.433965
226,7,2024-10-01,120880,110538.47,2026-07-25 00:18:33.433971
227,7,2024-11-01,211559,242453.52,2026-07-25 00:18:33.433978
228,7,2024-12-01,272605,318630.41,2026-07-25 00:18:33.433984
229,7,2025-01-01,170943,190385.42,2026-07-25 00:18:33.433990
230,7,2025-02-01,156628,149161.27,2026-07-25 00:18:33.433995
231,7,2025-03-01,255565,208416.15,2026-07-25 00:18:33.434002
232,7,2025-04-01,129578,126731.72,2026-07-25 00:18:33.434007
233,7,2025-05-01,195715,223877.99,2026-07-25 00:18:33.434013
234,7,2025-06-01,255325,191814.69,2026-07-25 00:18:33.434021
235,7,2025-07-01,244563,278724.83,2026-07-25 00:18:33.434027
236,7,2025-08-01,194861,205965.15,2026-07-25 00:18:33.434033
237,7,2025-09-01,81980,64715.83,2026-07-25 00:18:33.434039
238,7,2025-10-01,188454,159631.83,2026-07-25 00:18:33.434045
239,7,2025-11-01,264648,231397.57,2026-07-25 00:18:33.434051
240,7,2025-12-01,84461,72589.1,2026-07-25 00:18:33.434056
241,7,2026-01-01,193527,211967.24,2026-07-25 00:18:33.434062
242,7,2026-02-01,179891,182038.13,2026-07-25 00:18:33.434068
243,7,2026-03-01,297506,341300.06,2026-07-25 00:18:33.434074
244,7,2026-04-01,118386,123188.93,2026-07-25 00:18:33.434080
245,7,2026-05-01,293670,236985.09,2026-07-25 00:18:33.434086
246,7,2026-06-01,200045,176218.23,2026-07-25 00:18:33.434092
247,7,2026-07-01,293105,305481.59,2026-07-25 00:18:33.434097
248,7,2026-08-01,100513,86855.42,2026-07-25 00:18:33.434104
249,7,2026-09-01,238684,211684.33,2026-07-25 00:18:33.434110
250,7,2026-10-01,123531,101223.17,2026-07-25 00:18:33.434116
251,7,2026-11-01,214352,201718.15,2026-07-25 00:18:33.434122
252,7,2026-12-01,97590,116710.35,2026-07-25 00:18:33.434128
253,8,2024-01-01,261765,215006.52,2026-07-25 00:18:33.434203
254,8,2024-02-01,226293,239530.33,2026-07-25 00:18:33.434210
255,8,2024-03-01,244310,213518.24,2026-07-25 00:18:33.434216
256,8,2024-04-01,237789,236076.3,2026-07-25 00:18:33.434222
257,8,2024-05-01,96134,98816.66,2026-07-25 00:18:33.434229
258,8,2024-06-01,297580,233765.61,2026-07-25 00:18:33.434236
259,8,2024-07-01,152665,172744.66,2026-07-25 00:18:33.434244
260,8,2024-08-01,290164,245120.58,2026-07-25 00:18:33.434250
261,8,2024-09-01,267272,207709.61,2026-07-25 00:18:33.434256
262,8,2024-10-01,249343,292335.23,2026-07-25 00:18:33.434263
263,8,2024-11-01,139846,154328.07,2026-07-25 00:18:33.434269
264,8,2024-12-01,141703,123839.29,2026-07-25 00:18:33.434290
265,8,2025-01-01,277262,315932.24,2026-07-25 00:18:33.434299
266,8,2025-02-01,87652,75233.4,2026-07-25 00:18:33.434306
267,8,2025-03-01,182848,158684.19,2026-07-25 00:18:33.434312
268,8,2025-04-01,148647,134460.73,2026-07-25 00:18:33.434318
269,8,2025-05-01,165075,181911.29,2026-07-25 00:18:33.434324
270,8,2025-06-01,131157,144593.99,2026-07-25 00:18:33.434332
271,8,2025-07-01,168390,175387.09,2026-07-25 00:18:33.434338
272,8,2025-08-01,291196,271337.98,2026-07-25 00:18:33.434344
273,8,2025-09-01,265173,318109.46,2026-07-25 00:18:33.434350
274,8,2025-10-01,290759,245693.41,2026-07-25 00:18:33.434356
275,8,2025-11-01,112379,129667.52,2026-07-25 00:18:33.434362
276,8,2025-12-01,185611,203282.64,2026-07-25 00:18:33.434368
277,8,2026-01-01,107924,101316.05,2026-07-25 00:18:33.434374
278,8,2026-02-01,225025,242986.57,2026-07-25 00:18:33.434380
279,8,2026-03-01,126069,140240.23,2026-07-25 00:18:33.434386
280,8,2026-04-01,174146,208287.49,2026-07-25 00:18:33.434392
281,8,2026-05-01,114961,108097.07,2026-07-25 00:18:33.434398
282,8,2026-06-01,288391,227694.92,2026-07-25 00:18:33.434423
283,8,2026-07-01,220892,179609.39,2026-07-25 00:18:33.434430
284,8,2026-08-01,160167,146322.31,2026-07-25 00:18:33.434436
285,8,2026-09-01,195985,147046.16,2026-07-25 00:18:33.434443
286,8,2026-10-01,243365,282163.59,2026-07-25 00:18:33.434448
287,8,2026-11-01,167755,178401.14,2026-07-25 00:18:33.434454
288,8,2026-12-01,177424,138187.62,2026-07-25 00:18:33.434460
289,9,2024-01-01,235130,198597.96,2026-07-25 00:18:33.434536
290,9,2024-02-01,207188,207489.65,2026-07-25 00:18:33.434543
291,9,2024-03-01,268751,315046.63,2026-07-25 00:18:33.434549
292,9,2024-04-01,127495,134411.4,2026-07-25 00:18:33.434555
293,9,2024-05-01,203217,239887.5,2026-07-25 00:18:33.434561
294,9,2024-06-01,218039,231765.67,2026-07-25 00:18:33.434567
295,9,2024-07-01,166561,179391.06,2026-07-25 00:18:33.434573
296,9,2024-08-01,124841,102542.91,2026-07-25 00:18:33.434579
297,9,2024-09-01,138060,136431.47,2026-07-25 00:18:33.434585
298,9,2024-10-01,134840,157507.57,2026-07-25 00:18:33.434592
299,9,2024-11-01,261066,297112.63,2026-07-25 00:18:33.434598
300,9,2024-12-01,138147,114294.28,2026-07-25 00:18:33.434603
301,9,2025-01-01,92366,108315.61,2026-07-25 00:18:33.434609
302,9,2025-02-01,282620,296440.82,2026-07-25 00:18:33.434615
303,9,2025-03-01,262764,258259.16,2026-07-25 00:18:33.434621
304,9,2025-04-01,296777,269989.58,2026-07-25 00:18:33.434627
305,9,2025-05-01,92072,95998.06,2026-07-25 00:18:33.434633
306,9,2025-06-01,292849,220644.2,2026-07-25 00:18:33.434639
307,9,2025-07-01,113581,128069.95,2026-07-25 00:18:33.434645
308,9,2025-08-01,148719,159649.43,2026-07-25 00:18:33.434651
309,9,2025-09-01,90819,69452.47,2026-07-25 00:18:33.434657
310,9,2025-10-01,137610,110066.16,2026-07-25 00:18:33.434665
311,9,2025-11-01,133296,149680.87,2026-07-25 00:18:33.434671
312,9,2025-12-01,294579,280985.1,2026-07-25 00:18:33.434677
313,9,2026-01-01,163087,122767.65,2026-07-25 00:18:33.434683
314,9,2026-02-01,180657,176292.01,2026-07-25 00:18:33.434689
315,9,2026-03-01,138196,105953.1,2026-07-25 00:18:33.434695
316,9,2026-04-01,126831,113452.26,2026-07-25 00:18:33.434701
317,9,2026-05-01,191039,158788.13,2026-07-25 00:18:33.434707
318,9,2026-06-01,171326,142665.94,2026-07-25 00:18:33.434713
319,9,2026-07-01,261900,205399.86,2026-07-25 00:18:33.434719
320,9,2026-08-01,239840,252326.01,2026-07-25 00:18:33.434726
321,9,2026-09-01,147229,141769.07,2026-07-25 00:18:33.434732
322,9,2026-10-01,141981,125803.43,2026-07-25 00:18:33.434738
323,9,2026-11-01,248621,220555.33,2026-07-25 00:18:33.434744
324,9,2026-12-01,220701,194756.06,2026-07-25 00:18:33.434750
325,10,2024-01-01,165817,196433.24,2026-07-25 00:18:33.434820
326,10,2024-02-01,191468,167687.82,2026-07-25 00:18:33.434827
327,10,2024-03-01,223245,192392.45,2026-07-25 00:18:33.434833
328,10,2024-04-01,266839,305104.58,2026-07-25 00:18:33.434852
329,10,2024-05-01,121212,108374.89,2026-07-25 00:18:33.434861
330,10,2024-06-01,171986,131577.17,2026-07-25 00:18:33.434867
331,10,2024-07-01,131394,153703.63,2026-07-25 00:18:33.434873
332,10,2024-08-01,225228,245456.68,2026-07-25 00:18:33.434879
333,10,2024-09-01,103694,89243.24,2026-07-25 00:18:33.434885
334,10,2024-10-01,257419,251926.74,2026-07-25 00:18:33.434891
335,10,2024-11-01,208667,225072.08,2026-07-25 00:18:33.434896
336,10,2024-12-01,237822,215911.3,2026-07-25 00:18:33.434906
337,10,2025-01-01,147822,155143.12,2026-07-25 00:18:33.434912
338,10,2025-02-01,103618,79673.93,2026-07-25 00:18:33.434919
339,10,2025-03-01,96117,101340.65,2026-07-25 00:18:33.434924
340,10,2025-04-01,183618,190214.2,2026-07-25 00:18:33.434930
341,10,2025-05-01,167829,146596.59,2026-07-25 00:18:33.434936
342,10,2025-06-01,128883,120523.69,2026-07-25 00:18:33.434941
343,10,2025-07-01,219822,229404.22,2026-07-25 00:18:33.434946
344,10,2025-08-01,237529,208317.55,2026-07-25 00:18:33.434951
345,10,2025-09-01,193890,186455.29,2026-07-25 00:18:33.434956
346,10,2025-10-01,91231,105421.46,2026-07-25 00:18:33.434962
347,10,2025-11-01,191353,227487.08,2026-07-25 00:18:33.434967
348,10,2025-12-01,174645,181827.54,2026-07-25 00:18:33.434972
349,10,2026-01-01,275739,243203.47,2026-07-25 00:18:33.434978
350,10,2026-02-01,99820,82440.96,2026-07-25 00:18:33.434984
351,10,2026-03-01,243444,235118.88,2026-07-25 00:18:33.434989
352,10,2026-04-01,160403,165023.29,2026-07-25 00:18:33.434995
353,10,2026-05-01,132198,145789.89,2026-07-25 00:18:33.435002
354,10,2026-06-01,167287,145382.91,2026-07-25 00:18:33.435010
355,10,2026-07-01,186524,171598.91,2026-07-25 00:18:33.435015
356,10,2026-08-01,259177,242293.61,2026-07-25 00:18:33.435020
357,10,2026-09-01,101320,84570.51,2026-07-25 00:18:33.435025
358,10,2026-10-01,131080,117569.48,2026-07-25 00:18:33.435032
359,10,2026-11-01,177303,194400.13,2026-07-25 00:18:33.435037
360,10,2026-12-01,86621,97337.36,2026-07-25 00:18:33.435042
361,11,2024-01-01,153987,157178.93,2026-07-25 00:18:33.435133
362,11,2024-02-01,102868,113281.91,2026-07-25 00:18:33.435139
363,11,2024-03-01,199686,217540.74,2026-07-25 00:18:33.435146
364,11,2024-04-01,236743,190804.01,2026-07-25 00:18:33.435152
365,11,2024-05-01,106112,93988.78,2026-07-25 00:18:33.435158
366,11,2024-06-01,129971,116366.84,2026-07-25 00:18:33.435166
367,11,2024-07-01,145080,130893.55,2026-07-25 00:18:33.435171
368,11,2024-08-01,298076,231454.24,2026-07-25 00:18:33.435177
369,11,2024-09-01,284821,298268.33,2026-07-25 00:18:33.435183
370,11,2024-10-01,83111,92769.42,2026-07-25 00:18:33.435189
371,11,2024-11-01,111940,122309.09,2026-07-25 00:18:33.435195
372,11,2024-12-01,158423,142033.13,2026-07-25 00:18:33.435201
373,11,2025-01-01,104816,99824.21,2026-07-25 00:18:33.435206
374,11,2025-02-01,255473,254037.24,2026-07-25 00:18:33.435213
375,11,2025-03-01,96516,96477.21,2026-07-25 00:18:33.435220
376,11,2025-04-01,91226,94618.49,2026-07-25 00:18:33.435228
377,11,2025-05-01,202229,182591.44,2026-07-25 00:18:33.435234
378,11,2025-06-01,151308,173432.91,2026-07-25 00:18:33.435241
379,11,2025-07-01,188044,221316.38,2026-07-25 00:18:33.435247
380,11,2025-08-01,298861,272689.93,2026-07-25 00:18:33.435253
381,11,2025-09-01,194549,198486.44,2026-07-25 00:18:33.435259
382,11,2025-10-01,97299,76806.46,2026-07-25 00:18:33.435267
383,11,2025-11-01,201638,231121.23,2026-07-25 00:18:33.435280
384,11,2025-12-01,235712,190136.48,2026-07-25 00:18:33.435289
385,11,2026-01-01,251181,287305.29,2026-07-25 00:18:33.435295
386,11,2026-02-01,109291,110533.67,2026-07-25 00:18:33.435301
387,11,2026-03-01,234009,217891.74,2026-07-25 00:18:33.435306
388,11,2026-04-01,109669,128159.56,2026-07-25 00:18:33.435313
389,11,2026-05-01,151005,174188.57,2026-07-25 00:18:33.435319
390,11,2026-06-01,216234,228701.64,2026-07-25 00:18:33.435326
391,11,2026-07-01,166760,140508.28,2026-07-25 00:18:33.435332
392,11,2026-08-01,211188,182835.0,2026-07-25 00:18:33.435340
393,11,2026-09-01,202993,186416.73,2026-07-25 00:18:33.435347
394,11,2026-10-01,146450,119385.38,2026-07-25 00:18:33.435352
395,11,2026-11-01,225174,247622.15,2026-07-25 00:18:33.435358
396,11,2026-12-01,86966,88092.77,2026-07-25 00:18:33.435363
397,12,2024-01-01,141481,119226.61,2026-07-25 00:18:33.435469
398,12,2024-02-01,298976,302358.45,2026-07-25 00:18:33.435477
399,12,2024-03-01,198306,209449.96,2026-07-25 00:18:33.435483
400,12,2024-04-01,80783,90696.77,2026-07-25 00:18:33.435489
401,12,2024-05-01,90787,107615.94,2026-07-25 00:18:33.435495
402,12,2024-06-01,110329,94844.61,2026-07-25 00:18:33.435508
403,12,2024-07-01,177169,164531.13,2026-07-25 00:18:33.435514
404,12,2024-08-01,264434,250892.23,2026-07-25 00:18:33.435521
405,12,2024-09-01,103405,100213.25,2026-07-25 00:18:33.435526
406,12,2024-10-01,283497,234228.88,2026-07-25 00:18:33.435533
407,12,2024-11-01,290932,286078.52,2026-07-25 00:18:33.435539
408,12,2024-12-01,193926,180137.13,2026-07-25 00:18:33.435545
409,12,2025-01-01,290802,242875.78,2026-07-25 00:18:33.435551
410,12,2025-02-01,201265,164839.66,2026-07-25 00:18:33.435557
411,12,2025-03-01,207510,176174.55,2026-07-25 00:18:33.435564
412,12,2025-04-01,98327,105154.7,2026-07-25 00:18:33.435570
413,12,2025-05-01,171772,138307.8,2026-07-25 00:18:33.435577
414,12,2025-06-01,110707,98478.61,2026-07-25 00:18:33.435583
415,12,2025-07-01,278992,311004.23,2026-07-25 00:18:33.435590
416,12,2025-08-01,169125,189648.99,2026-07-25 00:18:33.435597
417,12,2025-09-01,264306,235902.95,2026-07-25 00:18:33.435602
418,12,2025-10-01,276386,243733.9,2026-07-25 00:18:33.435609
419,12,2025-11-01,207327,247412.33,2026-07-25 00:18:33.435615
420,12,2025-12-01,281113,277298.38,2026-07-25 00:18:33.435621
421,12,2026-01-01,261300,197322.38,2026-07-25 00:18:33.435627
422,12,2026-02-01,228136,264819.47,2026-07-25 00:18:33.435633
423,12,2026-03-01,165761,175876.43,2026-07-25 00:18:33.435639
424,12,2026-04-01,93287,102438.7,2026-07-25 00:18:33.435646
425,12,2026-05-01,101452,85237.85,2026-07-25 00:18:33.435652
426,12,2026-06-01,282097,316491.76,2026-07-25 00:18:33.435657
427,12,2026-07-01,87024,95781.38,2026-07-25 00:18:33.435663
428,12,2026-08-01,294456,316773.05,2026-07-25 00:18:33.435669
429,12,2026-09-01,145528,148607.98,2026-07-25 00:18:33.435674
430,12,2026-10-01,212105,192111.43,2026-07-25 00:18:33.435680
431,12,2026-11-01,203781,195196.04,2026-07-25 00:18:33.435685
432,12,2026-12-01,169506,130761.37,2026-07-25 00:18:33.435691
433,13,2024-01-01,252922,196764.49,2026-07-25 00:18:33.435834
434,13,2024-02-01,149268,113378.88,2026-07-25 00:18:33.435854
435,13,2024-03-01,255523,249312.46,2026-07-25 00:18:33.435861
436,13,2024-04-01,161557,166028.65,2026-07-25 00:18:33.435867
437,13,2024-05-01,108229,109402.43,2026-07-25 00:18:33.435873
438,13,2024-06-01,130983,104545.9,2026-07-25 00:18:33.435879
439,13,2024-07-01,270254,249370.41,2026-07-25 00:18:33.435886
440,13,2024-08-01,290088,255824.07,2026-07-25 00:18:33.435893
441,13,2024-09-01,175180,143309.74,2026-07-25 00:18:33.435898
442,13,2024-10-01,235983,237468.27,2026-07-25 00:18:33.435904
443,13,2024-11-01,276815,302185.9,2026-07-25 00:18:33.435910
444,13,2024-12-01,135298,159818.72,2026-07-25 00:18:33.435917
445,13,2025-01-01,126655,96832.97,2026-07-25 00:18:33.435923
446,13,2025-02-01,223269,199295.77,2026-07-25 00:18:33.435929
447,13,2025-03-01,166822,199894.92,2026-07-25 00:18:33.435936
448,13,2025-04-01,229536,238268.98,2026-07-25 00:18:33.435942
449,13,2025-05-01,208439,231679.8,2026-07-25 00:18:33.435947
450,13,2025-06-01,87825,89474.1,2026-07-25 00:18:33.435952
451,13,2025-07-01,163541,138108.72,2026-07-25 00:18:33.435958
452,13,2025-08-01,139739,149977.95,2026-07-25 00:18:33.435963
453,13,2025-09-01,231107,202414.2,2026-07-25 00:18:33.435969
454,13,2025-10-01,233663,206826.44,2026-07-25 00:18:33.435975
455,13,2025-11-01,197554,186695.39,2026-07-25 00:18:33.435982
456,13,2025-12-01,236427,267676.63,2026-07-25 00:18:33.435988
457,13,2026-01-01,249480,268860.29,2026-07-25 00:18:33.435995
458,13,2026-02-01,233636,250222.16,2026-07-25 00:18:33.436006
459,13,2026-03-01,155811,119143.21,2026-07-25 00:18:33.436012
460,13,2026-04-01,288196,335205.2,2026-07-25 00:18:33.436020
461,13,2026-05-01,220462,244168.46,2026-07-25 00:18:33.436313
462,13,2026-06-01,166746,183840.09,2026-07-25 00:18:33.436329
463,13,2026-07-01,187195,215280.9,2026-07-25 00:18:33.436337
464,13,2026-08-01,272836,251061.06,2026-07-25 00:18:33.436345
465,13,2026-09-01,235178,260695.64,2026-07-25 00:18:33.436355
466,13,2026-10-01,194084,228920.5,2026-07-25 00:18:33.436365
467,13,2026-11-01,223742,266576.09,2026-07-25 00:18:33.436374
468,13,2026-12-01,164454,154005.77,2026-07-25 00:18:33.436384
469,14,2024-01-01,273216,283357.48,2026-07-25 00:18:33.436575
470,14,2024-02-01,186100,216406.75,2026-07-25 00:18:33.436586
471,14,2024-03-01,194556,210795.11,2026-07-25 00:18:33.436593
472,14,2024-04-01,87988,72874.84,2026-07-25 00:18:33.436600
473,14,2024-05-01,123107,132689.45,2026-07-25 00:18:33.436606
474,14,2024-06-01,186917,212353.22,2026-07-25 00:18:33.436613
475,14,2024-07-01,119018,119560.93,2026-07-25 00:18:33.436619
476,14,2024-08-01,107933,83375.95,2026-07-25 00:18:33.436906
477,14,2024-09-01,164736,188608.08,2026-07-25 00:18:33.437076
478,14,2024-10-01,166484,184926.38,2026-07-25 00:18:33.437091
479,14,2024-11-01,245335,274728.57,2026-07-25 00:18:33.437099
480,14,2024-12-01,95413,102320.23,2026-07-25 00:18:33.437106
481,14,2025-01-01,224713,173425.71,2026-07-25 00:18:33.437599
482,14,2025-02-01,83236,83295.05,2026-07-25 00:18:33.437621
483,14,2025-03-01,210428,204464.71,2026-07-25 00:18:33.437629
484,14,2025-04-01,287443,240365.75,2026-07-25 00:18:33.437635
485,14,2025-05-01,299285,318847.85,2026-07-25 00:18:33.437642
486,14,2025-06-01,283437,300840.25,2026-07-25 00:18:33.437649
487,14,2025-07-01,92611,93562.37,2026-07-25 00:18:33.437655
488,14,2025-08-01,224379,180544.58,2026-07-25 00:18:33.437662
489,14,2025-09-01,154984,123008.6,2026-07-25 00:18:33.437669
490,14,2025-10-01,141435,149999.0,2026-07-25 00:18:33.437762
491,14,2025-11-01,137394,143584.33,2026-07-25 00:18:33.437773
492,14,2025-12-01,279786,271796.26,2026-07-25 00:18:33.437779
493,14,2026-01-01,279691,272205.7,2026-07-25 00:18:33.437787
494,14,2026-02-01,239711,267311.18,2026-07-25 00:18:33.437794
495,14,2026-03-01,276970,243306.16,2026-07-25 00:18:33.437801
496,14,2026-04-01,226312,268527.34,2026-07-25 00:18:33.437806
497,14,2026-05-01,102360,82961.61,2026-07-25 00:18:33.437813
498,14,2026-06-01,268206,202276.39,2026-07-25 00:18:33.437819
499,14,2026-07-01,186097,189595.31,2026-07-25 00:18:33.437826
500,14,2026-08-01,127788,117755.23,2026-07-25 00:18:33.437832
501,14,2026-09-01,125637,128027.71,2026-07-25 00:18:33.437839
502,14,2026-10-01,226557,251603.56,2026-07-25 00:18:33.437849
503,14,2026-11-01,281699,262880.33,2026-07-25 00:18:33.437855
504,14,2026-12-01,108482,93981.57,2026-07-25 00:18:33.437863
505,15,2024-01-01,234589,234062.5,2026-07-25 00:18:33.438285
506,15,2024-02-01,170182,135460.42,2026-07-25 00:18:33.438298
507,15,2024-03-01,159105,152514.82,2026-07-25 00:18:33.438305
508,15,2024-04-01,282276,322116.84,2026-07-25 00:18:33.438311
509,15,2024-05-01,83951,97670.6,2026-07-25 00:18:33.438391
510,15,2024-06-01,123166,121063.91,2026-07-25 00:18:33.438408
511,15,2024-07-01,122441,123800.31,2026-07-25 00:18:33.438416
512,15,2024-08-01,147535,134831.45,2026-07-25 00:18:33.438472
513,15,2024-09-01,232635,268923.17,2026-07-25 00:18:33.438482
514,15,2024-10-01,96801,77263.32,2026-07-25 00:18:33.438488
515,15,2024-11-01,103419,99886.16,2026-07-25 00:18:33.438495
516,15,2024-12-01,237921,258434.09,2026-07-25 00:18:33.438500
517,15,2025-01-01,108760,89475.43,2026-07-25 00:18:33.438505
518,15,2025-02-01,226205,215466.57,2026-07-25 00:18:33.438511
519,15,2025-03-01,277712,277925.76,2026-07-25 00:18:33.438517
520,15,2025-04-01,108334,88535.76,2026-07-25 00:18:33.438523
521,15,2025-05-01,128224,118927.03,2026-07-25 00:18:33.438529
522,15,2025-06-01,130996,150359.24,2026-07-25 00:18:33.438605
523,15,2025-07-01,253879,219713.19,2026-07-25 00:18:33.438654
524,15,2025-08-01,148449,156093.29,2026-07-25 00:18:33.438663
525,15,2025-09-01,124482,146597.98,2026-07-25 00:18:33.438670
526,15,2025-10-01,299716,255808.91,2026-07-25 00:18:33.438676
527,15,2025-11-01,212540,242363.46,2026-07-25 00:18:33.438683
528,15,2025-12-01,286697,301589.79,2026-07-25 00:18:33.438690
529,15,2026-01-01,289823,290393.12,2026-07-25 00:18:33.438697
530,15,2026-02-01,252846,254530.81,2026-07-25 00:18:33.438703
531,15,2026-03-01,263232,259329.59,2026-07-25 00:18:33.438709
532,15,2026-04-01,183398,211124.86,2026-07-25 00:18:33.438714
533,15,2026-05-01,292936,300139.93,2026-07-25 00:18:33.438721
534,15,2026-06-01,190862,158247.02,2026-07-25 00:18:33.438727
535,15,2026-07-01,179159,211255.83,2026-07-25 00:18:33.438736
536,15,2026-08-01,219803,198359.25,2026-07-25 00:18:33.438742
537,15,2026-09-01,206452,214328.91,2026-07-25 00:18:33.438748
538,15,2026-10-01,261667,292277.81,2026-07-25 00:18:33.438754
539,15,2026-11-01,234771,198752.91,2026-07-25 00:18:33.438760
540,15,2026-12-01,276293,330940.05,2026-07-25 00:18:33.438766
541,16,2024-01-01,201328,164899.18,2026-07-25 00:18:33.438974
542,16,2024-02-01,244841,261731.1,2026-07-25 00:18:33.438985
543,16,2024-03-01,105092,102363.52,2026-07-25 00:18:33.438991
544,16,2024-04-01,264320,309580.76,2026-07-25 00:18:33.438997
545,16,2024-05-01,280746,249682.69,2026-07-25 00:18:33.439003
546,16,2024-06-01,240250,219539.86,2026-07-25 00:18:33.439009
547,16,2024-07-01,238672,283473.08,2026-07-25 00:18:33.439016
548,16,2024-08-01,171757,190395.47,2026-07-25 00:18:33.439022
549,16,2024-09-01,191875,146254.41,2026-07-25 00:18:33.439028
550,16,2024-10-01,189489,219370.94,2026-07-25 00:18:33.439036
551,16,2024-11-01,242586,235629.17,2026-07-25 00:18:33.439042
552,16,2024-12-01,252286,229133.58,2026-07-25 00:18:33.439048
553,16,2025-01-01,263731,242774.22,2026-07-25 00:18:33.439054
554,16,2025-02-01,240038,187641.55,2026-07-25 00:18:33.439060
555,16,2025-03-01,159277,149671.77,2026-07-25 00:18:33.439153
556,16,2025-04-01,136353,136477.68,2026-07-25 00:18:33.439172
557,16,2025-05-01,263223,249165.89,2026-07-25 00:18:33.439179
558,16,2025-06-01,190612,189175.91,2026-07-25 00:18:33.439296
559,16,2025-07-01,258611,246018.65,2026-07-25 00:18:33.439306
560,16,2025-08-01,234382,278039.62,2026-07-25 00:18:33.439312
561,16,2025-09-01,102517,88263.42,2026-07-25 00:18:33.439319
562,16,2025-10-01,280360,231836.32,2026-07-25 00:18:33.439328
563,16,2025-11-01,110066,102284.4,2026-07-25 00:18:33.439334
564,16,2025-12-01,186926,215766.25,2026-07-25 00:18:33.439394
565,16,2026-01-01,276794,207858.11,2026-07-25 00:18:33.439401
566,16,2026-02-01,125853,112144.81,2026-07-25 00:18:33.439407
567,16,2026-03-01,136520,163580.32,2026-07-25 00:18:33.439413
568,16,2026-04-01,285823,227614.76,2026-07-25 00:18:33.439420
569,16,2026-05-01,244069,250754.48,2026-07-25 00:18:33.439427
570,16,2026-06-01,254698,210992.82,2026-07-25 00:18:33.439434
571,16,2026-07-01,151992,126389.34,2026-07-25 00:18:33.439444
572,16,2026-08-01,107334,80786.02,2026-07-25 00:18:33.439460
573,16,2026-09-01,189616,195842.86,2026-07-25 00:18:33.439467
574,16,2026-10-01,173853,172585.87,2026-07-25 00:18:33.439473
575,16,2026-11-01,283477,309252.73,2026-07-25 00:18:33.439479
576,16,2026-12-01,94710,101411.26,2026-07-25 00:18:33.439486
577,17,2024-01-01,247487,240129.65,2026-07-25 00:18:33.439639
578,17,2024-02-01,130104,126461.4,2026-07-25 00:18:33.439647
579,17,2024-03-01,84418,72745.51,2026-07-25 00:18:33.439653
580,17,2024-04-01,180144,148295.5,2026-07-25 00:18:33.439659
581,17,2024-05-01,186569,201341.98,2026-07-25 00:18:33.439665
582,17,2024-06-01,104727,113354.89,2026-07-25 00:18:33.439672
583,17,2024-07-01,110232,130968.89,2026-07-25 00:18:33.439678
584,17,2024-08-01,284239,242315.29,2026-07-25 00:18:33.439684
585,17,2024-09-01,218804,229977.94,2026-07-25 00:18:33.439690
586,17,2024-10-01,153954,117480.36,2026-07-25 00:18:33.439697
587,17,2024-11-01,207714,198820.01,2026-07-25 00:18:33.439888
588,17,2024-12-01,233566,214100.45,2026-07-25 00:18:33.439906
589,17,2025-01-01,179971,166400.27,2026-07-25 00:18:33.439913
590,17,2025-02-01,216178,211807.28,2026-07-25 00:18:33.439920
591,17,2025-03-01,146608,110890.01,2026-07-25 00:18:33.439926
592,17,2025-04-01,145512,158791.17,2026-07-25 00:18:33.439933
593,17,2025-05-01,278228,316132.2,2026-07-25 00:18:33.439938
594,17,2025-06-01,164001,167282.83,2026-07-25 00:18:33.439950
595,17,2025-07-01,252133,230120.35,2026-07-25 00:18:33.439957
596,17,2025-08-01,286360,322820.47,2026-07-25 00:18:33.439962
597,17,2025-09-01,247154,281428.43,2026-07-25 00:18:33.439968
598,17,2025-10-01,97145,78797.35,2026-07-25 00:18:33.439974
599,17,2025-11-01,236050,228400.94,2026-07-25 00:18:33.439981
600,17,2025-12-01,283138,229453.15,2026-07-25 00:18:33.439986
601,17,2026-01-01,207477,155672.48,2026-07-25 00:18:33.439995
602,17,2026-02-01,294793,317881.21,2026-07-25 00:18:33.440000
603,17,2026-03-01,204903,234986.93,2026-07-25 00:18:33.440007
604,17,2026-04-01,260908,257103.23,2026-07-25 00:18:33.440014
605,17,2026-05-01,193265,189727.18,2026-07-25 00:18:33.440020
606,17,2026-06-01,139214,117758.35,2026-07-25 00:18:33.440026
607,17,2026-07-01,114345,121125.59,2026-07-25 00:18:33.440031
608,17,2026-08-01,277572,240968.06,2026-07-25 00:18:33.440038
609,17,2026-09-01,296409,267387.17,2026-07-25 00:18:33.440045
610,17,2026-10-01,125489,132317.48,2026-07-25 00:18:33.440050
611,17,2026-11-01,182087,174745.83,2026-07-25 00:18:33.440056
612,17,2026-12-01,241297,242048.32,2026-07-25 00:18:33.440062
613,18,2024-01-01,148912,164313.55,2026-07-25 00:18:33.440182
614,18,2024-02-01,83679,90367.93,2026-07-25 00:18:33.440188
615,18,2024-03-01,136697,112068.06,2026-07-25 00:18:33.440196
616,18,2024-04-01,139161,116933.81,2026-07-25 00:18:33.440203
617,18,2024-05-01,155134,171927.54,2026-07-25 00:18:33.440209
618,18,2024-06-01,133423,144968.8,2026-07-25 00:18:33.440216
619,18,2024-07-01,135744,130186.42,2026-07-25 00:18:33.440222
620,18,2024-08-01,190501,174224.41,2026-07-25 00:18:33.440228
621,18,2024-09-01,276118,246072.9,2026-07-25 00:18:33.440234
622,18,2024-10-01,218953,251857.38,2026-07-25 00:18:33.440240
623,18,2024-11-01,132217,134130.91,2026-07-25 00:18:33.440245
624,18,2024-12-01,139487,117046.99,2026-07-25 00:18:33.440251
625,18,2025-01-01,276002,298350.91,2026-07-25 00:18:33.440257
626,18,2025-02-01,193488,152804.92,2026-07-25 00:18:33.440262
627,18,2025-03-01,277420,224614.13,2026-07-25 00:18:33.440375
628,18,2025-04-01,266213,250049.33,2026-07-25 00:18:33.440395
629,18,2025-05-01,210306,191632.09,2026-07-25 00:18:33.440405
630,18,2025-06-01,151031,161651.98,2026-07-25 00:18:33.440411
631,18,2025-07-01,255713,267830.37,2026-07-25 00:18:33.440417
632,18,2025-08-01,279974,335962.41,2026-07-25 00:18:33.440422
633,18,2025-09-01,99955,109493.59,2026-07-25 00:18:33.440427
634,18,2025-10-01,189675,211114.63,2026-07-25 00:18:33.440433
635,18,2025-11-01,199933,234697.83,2026-07-25 00:18:33.440439
636,18,2025-12-01,143304,140178.98,2026-07-25 00:18:33.440445
637,18,2026-01-01,121299,103376.59,2026-07-25 00:18:33.440450
638,18,2026-02-01,202984,174166.04,2026-07-25 00:18:33.440456
639,18,2026-03-01,188407,149721.6,2026-07-25 00:18:33.440461
640,18,2026-04-01,193579,158674.56,2026-07-25 00:18:33.440466
641,18,2026-05-01,261101,275171.8,2026-07-25 00:18:33.440473
642,18,2026-06-01,113953,123807.19,2026-07-25 00:18:33.440480
643,18,2026-07-01,162623,158864.72,2026-07-25 00:18:33.440485
644,18,2026-08-01,125183,101654.28,2026-07-25 00:18:33.440492
645,18,2026-09-01,136188,130678.55,2026-07-25 00:18:33.440497
646,18,2026-10-01,170919,153181.13,2026-07-25 00:18:33.440503
647,18,2026-11-01,299905,255051.54,2026-07-25 00:18:33.440509
648,18,2026-12-01,257566,250605.7,2026-07-25 00:18:33.440515
649,19,2024-01-01,267689,224300.42,2026-07-25 00:18:33.440634
650,19,2024-02-01,271938,256322.51,2026-07-25 00:18:33.440642
651,19,2024-03-01,253998,294314.91,2026-07-25 00:18:33.440647
652,19,2024-04-01,112646,95919.39,2026-07-25 00:18:33.440652
653,19,2024-05-01,174748,157935.88,2026-07-25 00:18:33.440658
654,19,2024-06-01,158733,141797.38,2026-07-25 00:18:33.440664
655,19,2024-07-01,270654,282477.32,2026-07-25 00:18:33.440669
656,19,2024-08-01,151808,127586.67,2026-07-25 00:18:33.440675
657,19,2024-09-01,166547,176733.7,2026-07-25 00:18:33.440707
658,19,2024-10-01,208948,182283.87,2026-07-25 00:18:33.440723
659,19,2024-11-01,95639,71962.9,2026-07-25 00:18:33.440730
660,19,2024-12-01,170931,151076.02,2026-07-25 00:18:33.440737
661,19,2025-01-01,154730,128414.31,2026-07-25 00:18:33.440747
662,19,2025-02-01,210671,176939.3,2026-07-25 00:18:33.440753
663,19,2025-03-01,92740,97796.55,2026-07-25 00:18:33.440760
664,19,2025-04-01,179463,164294.43,2026-07-25 00:18:33.440767
665,19,2025-05-01,169201,192025.53,2026-07-25 00:18:33.440773
666,19,2025-06-01,243142,217311.87,2026-07-25 00:18:33.440780
667,19,2025-07-01,152361,128973.89,2026-07-25 00:18:33.440785
668,19,2025-08-01,163381,149977.77,2026-07-25 00:18:33.440793
669,19,2025-09-01,100065,87555.0,2026-07-25 00:18:33.440800
670,19,2025-10-01,157836,154505.62,2026-07-25 00:18:33.440806
671,19,2025-11-01,169445,132632.2,2026-07-25 00:18:33.440812
672,19,2025-12-01,119172,89838.87,2026-07-25 00:18:33.440819
673,19,2026-01-01,111058,89636.01,2026-07-25 00:18:33.440825
674,19,2026-02-01,295925,252947.85,2026-07-25 00:18:33.440838
675,19,2026-03-01,265353,295058.6,2026-07-25 00:18:33.440844
676,19,2026-04-01,243103,193364.46,2026-07-25 00:18:33.440850
677,19,2026-05-01,224367,206357.43,2026-07-25 00:18:33.440858
678,19,2026-06-01,178984,185300.62,2026-07-25 00:18:33.440866
679,19,2026-07-01,259912,238119.68,2026-07-25 00:18:33.440872
680,19,2026-08-01,114359,110980.34,2026-07-25 00:18:33.440877
681,19,2026-09-01,124649,109498.31,2026-07-25 00:18:33.440883
682,19,2026-10-01,111943,100700.5,2026-07-25 00:18:33.440889
683,19,2026-11-01,254886,277384.11,2026-07-25 00:18:33.440895
684,19,2026-12-01,200227,198284.75,2026-07-25 00:18:33.440900
685,20,2024-01-01,182859,150512.69,2026-07-25 00:18:33.441063
686,20,2024-02-01,275953,216989.02,2026-07-25 00:18:33.441072
687,20,2024-03-01,292947,267094.71,2026-07-25 00:18:33.441078
688,20,2024-04-01,171493,195608.2,2026-07-25 00:18:33.441084
689,20,2024-05-01,201260,155684.13,2026-07-25 00:18:33.441091
690,20,2024-06-01,135098,154969.72,2026-07-25 00:18:33.441097
691,20,2024-07-01,242235,211124.47,2026-07-25 00:18:33.441103
692,20,2024-08-01,86387,91997.16,2026-07-25 00:18:33.441109
693,20,2024-09-01,238058,182451.29,2026-07-25 00:18:33.441115
694,20,2024-10-01,195607,233334.1,2026-07-25 00:18:33.441121
695,20,2024-11-01,124722,128322.43,2026-07-25 00:18:33.441128
696,20,2024-12-01,175917,151535.8,2026-07-25 00:18:33.441134
697,20,2025-01-01,248950,212499.0,2026-07-25 00:18:33.441140
698,20,2025-02-01,280389,283126.85,2026-07-25 00:18:33.441146
699,20,2025-03-01,275071,240669.98,2026-07-25 00:18:33.441152
700,20,2025-04-01,237236,215359.4,2026-07-25 00:18:33.441159
701,20,2025-05-01,269661,291866.45,2026-07-25 00:18:33.441165
702,20,2025-06-01,83808,66578.8,2026-07-25 00:18:33.441172
703,20,2025-07-01,230651,240872.42,2026-07-25 00:18:33.441178
704,20,2025-08-01,122312,138042.24,2026-07-25 00:18:33.441185
705,20,2025-09-01,220640,192671.01,2026-07-25 00:18:33.441191
706,20,2025-10-01,269252,234502.82,2026-07-25 00:18:33.441198
707,20,2025-11-01,127552,123409.28,2026-07-25 00:18:33.441204
708,20,2025-12-01,257203,299525.78,2026-07-25 00:18:33.441211
709,20,2026-01-01,144601,115956.05,2026-07-25 00:18:33.441217
710,20,2026-02-01,115254,95672.23,2026-07-25 00:18:33.441223
711,20,2026-03-01,164096,191079.86,2026-07-25 00:18:33.441229
712,20,2026-04-01,234481,193780.02,2026-07-25 00:18:33.441235
713,20,2026-05-01,217758,220140.6,2026-07-25 00:18:33.441241
714,20,2026-06-01,99284,105725.22,2026-07-25 00:18:33.441247
715,20,2026-07-01,207276,236629.34,2026-07-25 00:18:33.441253
716,20,2026-08-01,298711,286086.68,2026-07-25 00:18:33.441259
717,20,2026-09-01,288835,291771.65,2026-07-25 00:18:33.441264
718,20,2026-10-01,147236,140419.42,2026-07-25 00:18:33.441270
719,20,2026-11-01,192918,168127.52,2026-07-25 00:18:33.441275
720,20,2026-12-01,241980,214213.2,2026-07-25 00:18:33.441281
